executed_at,model_id,lora_dir,prompt,base_output,finetuned_output,lora_r,lora_alpha,lora_dropout,learning_rate,num_train_epochs,per_device_train_batch_size,gradient_accumulation_steps,max_new_tokens,train_eval_loss,validation_loss,overfit_loss_gap,overfit_ppl_ratio,overfit_level,overfit_eval_dataset,train_eval_sample_size
2026-04-30T19:15:29.837861+00:00,google/gemma-3-1b-it,./checkpoints/gemma-3-1b-it-gsm8k-lora,Give me a math problem that involves addition and apples for kids of 1st grade. Also solve the problem.,"user
Give me a math problem that involves addition and apples for kids of 1st grade. Also solve the problem.
model
Okay, here's a math problem suitable for a 1st grader, along with the solution:

**Problem:**

Lily has 5 red apples and 3 green apples. How many apples does Lily have in all?

**Solution:**

1. **Add the apples:** 5 + 3 = 8
2. **Answer:** Lily has 8 apples in all.

---

Would you like me to give you another problem, perhaps with a different topic?","user
Give me a math problem that involves addition and apples for kids of 1st grade. Also solve the problem.
model
There are 20 apples in the basket. There are 1/3 times as many apples in each basket in the orchard. There are 4 baskets of apples in the orchard. What is the total number of apples there?
The total number of apples in the orchard is 1/3*4*20=<<1/3*4*20=80>>80.
#### 80",,,,,,,,,,,,,,,
2026-04-30T19:15:29.837861+00:00,google/gemma-3-1b-it,./checkpoints/gemma-3-1b-it-gsm8k-lora,Give me a math problem that involves multiplication and oranges for kids of 2nd grade. Also solve the problem.,"user
Give me a math problem that involves multiplication and oranges for kids of 2nd grade. Also solve the problem.
model
Okay, here's a math problem suitable for a 2nd-grade student, involving multiplication and oranges:

**Problem:**

Farmer Giles has 12 oranges. He wants to share them equally among his 3 friends.  If he gives each friend 5 oranges, how many oranges does each friend get?

**Solution:**

1. **Step 1: Find the total number of oranges**
   * Farmer Giles has 12 oranges.
   * He's sharing them with 3 friends.
   * So, the total number of oranges is 12 oranges * 3 friends = 36 oranges.

2. **Step 2: Divide the total oranges by the number of","user
Give me a math problem that involves multiplication and oranges for kids of 2nd grade. Also solve the problem.
model
There are 443 oranges in 1 box. In 4 boxes, there are 443 x 4 = <<443*4=1772>>1772 oranges.
If each orange costs $0.5, how much would the orange cost in 4 boxes?
The total cost of the 4 boxes of oranges would be $0.5 x 1772 = $<<0.5*1772=886>>886.
#### 886",,,,,,,,,,,,,,,
2026-04-30T19:15:29.837861+00:00,google/gemma-3-1b-it,./checkpoints/gemma-3-1b-it-gsm8k-lora,"If i have 3 boxes of chocolates and each box has 5 chocolates, how many chocolates do I have in total?","user
If i have 3 boxes of chocolates and each box has 5 chocolates, how many chocolates do I have in total?
model
You have 3 boxes * 5 chocolates/box = 15 chocolates.

So you have a total of 15 chocolates.
","user
If i have 3 boxes of chocolates and each box has 5 chocolates, how many chocolates do I have in total?
model
If there are 3 boxes in each box of chocolates, then I have 3 * 5 = <<3*5=15>>15 chocolates.
#### 15",,,,,,,,,,,,,,,
2026-05-02T22:59:08.061333+00:00,google/gemma-3-270m-it,./checkpoints/gemma-3-270-it-gsm8k-lora,Give me a math problem that involves addition and apples for kids of 1st grade. Also solve the problem.,"user
Give me a math problem that involves addition and apples for kids of 1st grade. Also solve the problem.
model
Okay, here's a math problem involving addition and apples for 1st graders:

**Problem:**

Sarah has 12 apples. She wants to share them equally with her 4 friends. How many apples does each friend get?

**Answer:**

Each friend gets 12 apples.
","user
Give me a math problem that involves addition and apples for kids of 1st grade. Also solve the problem.
model
Let A = number of apples, B = number of oranges, C = number of bananas, and D = number of berries. We know that A + B + C + D = 41
We can write the equation, B = 2*C + 5
We can also write the equation, B = 1*D + 4
Substituting the first two equations into the third equation, we get B = D + 4
So far, the equation that gives you the total number of fruits is D = 41/4
Since B = 2*C + 5, the equation we have to evaluate tells us is also equal to the total number of fruits that 2.5 grapes.",,,,,,,,,,,,,,,
2026-05-02T22:59:08.061333+00:00,google/gemma-3-270m-it,./checkpoints/gemma-3-270-it-gsm8k-lora,Give me a math problem that involves multiplication and oranges for kids of 2nd grade. Also solve the problem.,"user
Give me a math problem that involves multiplication and oranges for kids of 2nd grade. Also solve the problem.
model
Okay, here's a math problem for 2nd-grade students about multiplication and oranges:

**Problem:**

A farmer has 3 oranges. He wants to divide them equally among 5 students. How many oranges will he have in total?

**Answer:** 8
","user
Give me a math problem that involves multiplication and oranges for kids of 2nd grade. Also solve the problem.
model
Let's first do this by multiplying all the oranges together, so 6 oranges * 1 orange = <<6*1=6>>6 oranges
Next, we multiply that amount by 2 to find out how many kids are in 2nd grade, so 6 oranges/ kid * 2 kids = <<6*2=12>>12 kids
Now let's find out how many kids in 2nd grade are there by dividing 2nd grade by 2nd grade each and 12 kids each to find the total number of kids: 12 kids / 2nd grade/kid = <<12/2=6>>6 kids
Then, we convert 12 kids",,,,,,,,,,,,,,,
2026-05-02T22:59:08.061333+00:00,google/gemma-3-270m-it,./checkpoints/gemma-3-270-it-gsm8k-lora,"If i have 3 boxes of chocolates and each box has 5 chocolates, how many chocolates do I have in total?","user
If i have 3 boxes of chocolates and each box has 5 chocolates, how many chocolates do I have in total?
model
You have 3 boxes of chocolates.
","user
If i have 3 boxes of chocolates and each box has 5 chocolates, how many chocolates do I have in total?
model
I have 2 * 3 boxes = <<2*3=6>>6 boxes
I have 6 boxes * 5 chocolates = <<6*5=30>>30 chocolates
#### 30",,,,,,,,,,,,,,,
2026-05-03T20:58:04.180628+00:00,google/gemma-3-270m-it,./checkpoints/gemma-3-270m-it-gsm8k-lora,Give me a math problem that involves addition and apples for kids of 1st grade. Also solve the problem.,"user
Give me a math problem that involves addition and apples for kids of 1st grade. Also solve the problem.
model
Okay, here's a math problem involving addition and apples:

**Problem:**

Sarah has 24 apples. She wants to divide them into 5 groups of 4 apples each. How many apples will Sarah have in total?

**Solution:**

1.  Divide the total number of apples by the number of groups:
    24 apples / 5 groups = 4 apples per group
2.  Add the number of apples in each group:
    4 apples + 4 apples = 8 apples

**Answer:** Sarah will have 8 apples in total.
","user
Give me a math problem that involves addition and apples for kids of 1st grade. Also solve the problem.
model
We know that the sum of the two problems is 12 and that 2 apples equals 6.
There are 2*1 = <<2*1=2>>2 problems for 1st grade kids.
To meet our criteria we need 12-2 = <<12-2=10>>10 apples
To have 10 apples we need to sell 10*3 = <<10*3=30>>30 apples
#### 30",16,32,0.05,0.0002,3,2,4,150,0.8733798265457153,1.0179107189178467,0.14453089237213135,1.1554973904677737,low,gsm8k_train_validation_split,512
2026-05-03T20:58:04.180628+00:00,google/gemma-3-270m-it,./checkpoints/gemma-3-270m-it-gsm8k-lora,Give me a math problem that involves multiplication and oranges for kids of 2nd grade. Also solve the problem.,"user
Give me a math problem that involves multiplication and oranges for kids of 2nd grade. Also solve the problem.
model
Okay, here's a math problem involving multiplication and oranges for 2nd grade:

**Problem:**
A farmer has 12 oranges. He wants to make 5 oranges. He divides the oranges equally among 6 students. How many oranges does each student get?

**Answer:**
Each student gets 1 orange.
","user
Give me a math problem that involves multiplication and oranges for kids of 2nd grade. Also solve the problem.
model
First find the number of oranges that are not being added: 25 - 1 = <<25-1=24>>24
Then multiply that number by the number of oranges to find the total number of oranges: 24 * 2 = <<24*2=48>>48
Then divide the number of oranges by the number of oranges added to find the total number of oranges: 48 / 2 = <<48/2=24>>24
#### 24",16,32,0.05,0.0002,3,2,4,150,0.8733798265457153,1.0179107189178467,0.14453089237213135,1.1554973904677737,low,gsm8k_train_validation_split,512
2026-05-03T20:58:04.180628+00:00,google/gemma-3-270m-it,./checkpoints/gemma-3-270m-it-gsm8k-lora,"If i have 3 boxes of chocolates and each box has 5 chocolates, how many chocolates do I have in total?","user
If i have 3 boxes of chocolates and each box has 5 chocolates, how many chocolates do I have in total?
model
You have 3 boxes of chocolates and each box has 5 chocolates.

So, you have 3 boxes * 5 chocolates/box = 15 chocolates.

Therefore, you have a total of 15 chocolates.
","user
If i have 3 boxes of chocolates and each box has 5 chocolates, how many chocolates do I have in total?
model
There are a total of 3 × 5 = <<3*5=15>>15 chocolates in each box.
Thus, there are a total of 15 × 3 = <<15*3=45>>45 chocolates in each box.
Therefore, there are a total of 45 × 3 = <<45*3=135>>135 chocolates in each box.
Hence, there are 135 × 4 = <<135*4=540>>540 chocolates in each box.
Therefore, there are a total of 540 × 3 = <<540*3=1620>>",16,32,0.05,0.0002,3,2,4,150,0.8733798265457153,1.0179107189178467,0.14453089237213135,1.1554973904677737,low,gsm8k_train_validation_split,512
2026-05-03T20:58:04.180628+00:00,google/gemma-3-270m-it,./checkpoints/gemma-3-270m-it-gsm8k-lora,"Create a math problem where the answer is 24, suitable for a 3rd grade student.","user
Create a math problem where the answer is 24, suitable for a 3rd grade student.
model
Okay, here's a math problem designed for a 3rd grader to solve:

**Problem:**

Sarah is building a tower with blocks. She has 12 blocks. She wants to build a tower that is as tall as possible, but she can only use 12 blocks. She has a block that is 4 blocks long. How tall will she have in total?
","user
Create a math problem where the answer is 24, suitable for a 3rd grade student.
model
If 19 + 7 = <<19+7=26>>26 is divisible by 3, and 24 is divisible by 3, then each number is divisible by 3, which is equal to 9. Then 24 equals 9, and hence the answer is equal to 24.
#### 24",16,32,0.05,0.0002,3,2,4,150,0.8733798265457153,1.0179107189178467,0.14453089237213135,1.1554973904677737,low,gsm8k_train_validation_split,512
2026-05-03T20:58:04.180628+00:00,google/gemma-3-270m-it,./checkpoints/gemma-3-270m-it-gsm8k-lora,Create a division word problem about sharing cookies equally for a 2nd grade student.,"user
Create a division word problem about sharing cookies equally for a 2nd grade student.
model
Okay, here's a division word problem about sharing cookies equally for a 2nd-grade student:

**Problem:**

Sarah has 12 cookies. She wants to share them with her friends. She wants to share each cookie with 3 friends.  How many cookies does each friend get?

**Answer:**

Each friend gets 1 cookie.
","user
Create a division word problem about sharing cookies equally for a 2nd grade student.
model
Each student gets 5 cookies each for the day because 2 x 5 = <<2*5=10>>10
There are 8 students in class because 10 divided by 2 equals <<10/2=5>>5
There are 25 cookies in total because 8 + 5 = <<8+5=13>>13
The student shares the cookies equally because 13 divided by 2 equals 6
#### 6",16,32,0.05,0.0002,3,2,4,150,0.8733798265457153,1.0179107189178467,0.14453089237213135,1.1554973904677737,low,gsm8k_train_validation_split,512
2026-05-03T20:58:04.180628+00:00,google/gemma-3-270m-it,./checkpoints/gemma-3-270m-it-gsm8k-lora,Create a two-step word problem involving addition and subtraction for a 3rd grade student.,"user
Create a two-step word problem involving addition and subtraction for a 3rd grade student.
model
Okay, here's a two-step word problem for a 3rd-grade student:

**Problem:**

Maria is baking a cake for a party. She wants to make her cake as big as she can. She needs to add 2 more cups of sugar to the cake. How many cups of sugar does Maria need to add to the cake to make it bigger than the current amount?

**Solution:**

1.  **Add 2 cups of sugar** to the cake.
2.  **Add 2 cups of sugar** to the cake.
","user
Create a two-step word problem involving addition and subtraction for a 3rd grade student.
model
You will be asked to add 35 to the number of apples in the bunch and divide it by two. Then add 27 to the resulting number of apples and divide it by 2. Then multiply 25 by two to find 5. Then add 18 to the resulting number of apples to find the sum. Finally, add the number of each fruit to find the total number of fruits in the bunch. Finally, add the total number of fruits to find the sum of all the fruits. Finally, add the sum of the apples and the fruits to find the sum of all the fruits. Finally, add the sum of all the apples and the fruits to find the sum of all the fruits. Finally, add the",16,32,0.05,0.0002,3,2,4,150,0.8733798265457153,1.0179107189178467,0.14453089237213135,1.1554973904677737,low,gsm8k_train_validation_split,512
2026-05-03T20:58:04.180628+00:00,google/gemma-3-270m-it,./checkpoints/gemma-3-270m-it-gsm8k-lora,Give me a percentage word problem about a discount at a store for a 6th grade student.,"user
Give me a percentage word problem about a discount at a store for a 6th grade student.
model
Okay, here's a percentage word problem related to a discount at a store:

A store offers a 10% discount on all items except for the items that are listed as ""sale items."" If a student wants to buy a new, new, and a discount item, they are expected to pay a total of $250.
What percentage of the total cost of the items is the student expected to pay?

... 10%
","user
Give me a percentage word problem about a discount at a store for a 6th grade student.
model
The discount is 100%. Since the student needs a 6th grade grade like 100%, he must have 100% - 100% = 0% of 100% of 100% = 0.
The student needs 0.60 dollars to pay off the discount, so 0.60/100 = 0.60 * 100% = 60%.
#### 60",16,32,0.05,0.0002,3,2,4,150,0.8733798265457153,1.0179107189178467,0.14453089237213135,1.1554973904677737,low,gsm8k_train_validation_split,512
2026-05-03T22:07:41.685005+00:00,google/gemma-3-1b-it,./checkpoints/gemma-3-1b/gemma-3-1b-it-r8,Give me a math problem that involves addition and apples for kids of 1st grade. Also solve the problem.,"user
Give me a math problem that involves addition and apples for kids of 1st grade. Also solve the problem.
model
Okay, here's a math problem suitable for a 1st-grade student, along with the solution:

**Problem:**

Farmer McGregor has 12 apples. He gives 5 apples to his friend, Ben. Then he buys 3 more apples. How many apples does Farmer McGregor have now?

**Solution:**

1. **Start with the initial number:** Farmer McGregor starts with 12 apples.
2. **Subtract the apples given to Ben:** Farmer McGregor gives away 5 apples, so he has 12 - 5 = 7 apples.
3. **Add the new apples:** He buys 3 more apples, so he has 7 + 3 = 10 apples.","user
Give me a math problem that involves addition and apples for kids of 1st grade. Also solve the problem.
model
Each apple weighs 1.1 pounds. If there were 6 apples left after you had 150 pounds of apples then the 150 pounds was 1.1*6=<<6*1.1=6.6>>6.6 pounds of apples.
If each of the apples weigh 1.1 pounds then 150 pounds of apples was 150/1.1=<<150/1.1=142>>142 pounds of apples.
#### 142",8,32,0.05,0.0002,3,2,4,150,0.7043412923812866,0.8868460655212402,0.1825047731399536,1.2002198797573667,low,gsm8k_train_validation_split,512
2026-05-03T22:07:41.685005+00:00,google/gemma-3-1b-it,./checkpoints/gemma-3-1b/gemma-3-1b-it-r8,Give me a math problem that involves multiplication and oranges for kids of 2nd grade. Also solve the problem.,"user
Give me a math problem that involves multiplication and oranges for kids of 2nd grade. Also solve the problem.
model
Okay, here’s a multiplication problem suitable for a 2nd-grade student, along with the solution:

**Problem:**

Tom wants to make orange juice for his friends. He has 8 oranges and he wants to share them equally with 4 friends. How many oranges will each friend get?

**Solution:**

1. **Find the total number of oranges:** Tom has 8 oranges.
2. **Divide:** He wants to share them with 4 friends, so we need to divide the total number of oranges by the number of friends: 8 oranges / 4 friends = 2 oranges per friend.

**Answer:** Each friend will get 2 oranges.

---

**Do you want to","user
Give me a math problem that involves multiplication and oranges for kids of 2nd grade. Also solve the problem.
model
Five oranges cost $1.5 and 8 oranges cost $3. How many oranges are less than $4?",8,32,0.05,0.0002,3,2,4,150,0.7043412923812866,0.8868460655212402,0.1825047731399536,1.2002198797573667,low,gsm8k_train_validation_split,512
2026-05-03T22:07:41.685005+00:00,google/gemma-3-1b-it,./checkpoints/gemma-3-1b/gemma-3-1b-it-r8,"If i have 3 boxes of chocolates and each box has 5 chocolates, how many chocolates do I have in total?","user
If i have 3 boxes of chocolates and each box has 5 chocolates, how many chocolates do I have in total?
model
You have a total of 15 chocolates.

3 boxes * 5 chocolates/box = 15 chocolates
","user
If i have 3 boxes of chocolates and each box has 5 chocolates, how many chocolates do I have in total?
model
1 box has 3 boxes * 5 chocolates per box = <<3*5=15>>15 chocolates.
You have a total of 3 boxes + 15 chocolates = <<3+15=18>>18 chocolates
#### 18",8,32,0.05,0.0002,3,2,4,150,0.7043412923812866,0.8868460655212402,0.1825047731399536,1.2002198797573667,low,gsm8k_train_validation_split,512
2026-05-03T22:07:41.685005+00:00,google/gemma-3-1b-it,./checkpoints/gemma-3-1b/gemma-3-1b-it-r8,"Create a math problem where the answer is 24, suitable for a 3rd grade student.","user
Create a math problem where the answer is 24, suitable for a 3rd grade student.
model
Okay, here's a math problem suitable for a 3rd-grade student, with the answer being 24:

**Problem:**

Sarah has 12 stickers and she gives 5 stickers to her friend, Ben. Then she buys 3 more stickers. How many stickers does Sarah have now?

**Answer:** 24

**Why it's good for a 3rd grader:**

*   **Simple Concept:** It involves addition and subtraction.
*   **Relatable:** Stickers are a common, understandable concept.
*   **Clear Steps:** It has a clear sequence of events (starts with, then gives, then buys).
*   **Easy to Visualize:**  Students can easily","user
Create a math problem where the answer is 24, suitable for a 3rd grade student.
model
A farmer has 30 chickens. The farmer sells half of his chickens for $1 each and the rest for $2 each. He decides to sell his remaining chickens at a new price. How many more dollars does he get in total for each chicken? (You can approximate 100 for this.)",8,32,0.05,0.0002,3,2,4,150,0.7043412923812866,0.8868460655212402,0.1825047731399536,1.2002198797573667,low,gsm8k_train_validation_split,512
2026-05-03T22:07:41.685005+00:00,google/gemma-3-1b-it,./checkpoints/gemma-3-1b/gemma-3-1b-it-r8,Create a division word problem about sharing cookies equally for a 2nd grade student.,"user
Create a division word problem about sharing cookies equally for a 2nd grade student.
model
Okay, here's a division word problem suitable for a 2nd-grade student, with a little extra challenge:

**Problem:**

Lily baked 36 delicious chocolate chip cookies! She wants to share them equally between her 4 friends. How many cookies will each friend get?

**Bonus Challenge:**

Lily also wants to make a small batch of cookies for her family!  If she wants to make 6 batches of cookies, how many cookies will she need in total? 

---

**Why this works for a 2nd grader:**

*   **Clear and Simple:** The problem is easy to understand with a clear scenario.
*   **Real-World Context:** Sharing cookies is relatable to their","user
Create a division word problem about sharing cookies equally for a 2nd grade student.
model
Each of four students will have 26 cookies, and there are 16 cookies in a bag, so each student gets 26/16 = <<26/16=1.625>>1.625 cookies.
Each student will share the remainder of the cookies with 1 or more of their 3 friends, so 16 - 26 - 1.625 = 1.625 cookies are leftover.
#### 1.625",8,32,0.05,0.0002,3,2,4,150,0.7043412923812866,0.8868460655212402,0.1825047731399536,1.2002198797573667,low,gsm8k_train_validation_split,512
2026-05-03T22:07:41.685005+00:00,google/gemma-3-1b-it,./checkpoints/gemma-3-1b/gemma-3-1b-it-r8,Create a two-step word problem involving addition and subtraction for a 3rd grade student.,"user
Create a two-step word problem involving addition and subtraction for a 3rd grade student.
model
Okay, here’s a two-step word problem suitable for a 3rd-grade student, incorporating addition and subtraction:

**Problem:**

Maria baked 12 cookies for her friends and gave 5 cookies to her brother.  Then, she ate 3 cookies herself. How many cookies does Maria have left?

**Let's break it down:**

1. **Start with the cookies Maria baked:**  She started with 12 cookies.
2. **Subtract the cookies she ate:**  She gave 3 cookies away, so we need to subtract 3 from 12.  12 - 3 = 9 cookies.

**Answer:** Maria has 9 cookies left.

---","user
Create a two-step word problem involving addition and subtraction for a 3rd grade student.
model
A farmer has 12 sheep and half of them have 2 legs. The other sheep have 11 sheep per leg. If he sells half of his sheep for $5 each, how much profit does he make?",8,32,0.05,0.0002,3,2,4,150,0.7043412923812866,0.8868460655212402,0.1825047731399536,1.2002198797573667,low,gsm8k_train_validation_split,512
2026-05-03T22:07:41.685005+00:00,google/gemma-3-1b-it,./checkpoints/gemma-3-1b/gemma-3-1b-it-r8,Give me a percentage word problem about a discount at a store for a 6th grade student.,"user
Give me a percentage word problem about a discount at a store for a 6th grade student.
model
Okay, here's a percentage word problem suitable for a 6th-grade student:

**Problem:**

Sarah is buying a new backpack at a store that sells backpacks for $35. The store is having a 20% discount on all backpacks.

*   What is the sale price of the backpack after the discount?
*   How much money will Sarah save by buying the backpack at the discounted price?

**Let me know if you'd like me to provide the answer key or a little more guidance!** 

---

**Answer Key (for you, not the student):**

*   **Sale Price:** $35 - (20% of $35) = $3","user
Give me a percentage word problem about a discount at a store for a 6th grade student.
model
At the store, if you have $100, you could take a 10% discount on all your purchases. How much could you spend on each item after the discount?",8,32,0.05,0.0002,3,2,4,150,0.7043412923812866,0.8868460655212402,0.1825047731399536,1.2002198797573667,low,gsm8k_train_validation_split,512
